Region,Rekvireringskanal,Median_minutter,Antal_ture
Hovedstaden,112,8.6,156849
Hovedstaden,1813,11.8,56891
Hovedstaden,CVI,6.5,3570
Hovedstaden,Øvrige,7.2,20048
Midtjylland,112,8.6,112243
Midtjylland,Andet,6.8,95
Midtjylland,Hospital,9.1,309
Midtjylland,Praktiserende læge,8.2,35422
Midtjylland,Vagtlæge/LVN,8.7,39462
Nordjylland,-,,0
Nordjylland,Alarm112,,0
Nordjylland,Hospital,,0
Nordjylland,Læge,,0
Nordjylland,Lægevagt,,0
Nordjylland,Plejehjem,,0
Nordjylland,Øvrige,,0
Sjælland,112,9.7,105977
Sjælland,Andre,8.8,33433
Sjælland,Lægevagt,8.1,23145
Sjælland,Sygehus,7.8,934
Syddanmark,112,6.9,146532
Syddanmark,Andre,6.3,501
Syddanmark,Hjemmepleje,7.4,32
Syddanmark,Lægefaglig visitator,7.3,2890
Syddanmark,Praktiserende læge,6.9,19286
Syddanmark,Sygehus,7.0,2033
Syddanmark,Vagtlæge,7.3,31620
